{"stats":{"minecraft:custom":{"minecraft:jump":16,"minecraft:time_since_rest":21244,"minecraft:crouch_one_cm":119,"minecraft:leave_game":1,"minecraft:play_time":21244,"minecraft:sprint_one_cm":360,"minecraft:time_since_death":21244,"minecraft:walk_on_water_one_cm":9362,"minecraft:walk_one_cm":2569,"minecraft:sneak_time":2185,"minecraft:total_world_time":21244,"minecraft:walk_under_water_one_cm":29290,"minecraft:drop":1,"minecraft:fly_one_cm":428431},"minecraft:used":{"sn0wfrogs_capybaras:capybara_spawn_egg":1,"easy_npc:evoker_spawn_egg":1},"minecraft:dropped":{"minecraft:shield":1}},"DataVersion":3465}