{"stats":{"minecraft:used":{"minecraft:leather_leggings":1},"minecraft:picked_up":{"minecraft:rotten_flesh":6,"minecraft:leather_leggings":1,"minecraft:oak_log":1,"minecraft:moss_block":4},"minecraft:killed_by":{"minecraft:zombie":1},"minecraft:mined":{"minecraft:grass":2,"minecraft:oak_log":1,"minecraft:oak_leaves":1},"minecraft:custom":{"minecraft:time_since_rest":5432,"minecraft:open_chest":22,"minecraft:walk_one_cm":4207,"minecraft:play_time":10292,"minecraft:sprint_one_cm":8455,"minecraft:damage_taken":230,"minecraft:deaths":1,"minecraft:sneak_time":228,"minecraft:walk_under_water_one_cm":5419,"minecraft:jump":114,"minecraft:leave_game":1,"minecraft:time_since_death":5359,"minecraft:walk_on_water_one_cm":539,"minecraft:total_world_time":10292,"minecraft:climb_one_cm":509,"minecraft:swim_one_cm":16990,"minecraft:fall_one_cm":3042,"minecraft:fly_one_cm":54637}},"DataVersion":3465}