{"stats":{"minecraft:dropped":{"minecraft:shield":1},"minecraft:used":{"sn0wfrogs_capybaras:capybara_spawn_egg":1,"easy_npc:evoker_spawn_egg":1},"minecraft:custom":{"minecraft:jump":16,"minecraft:time_since_rest":12054,"minecraft:leave_game":1,"minecraft:crouch_one_cm":119,"minecraft:walk_on_water_one_cm":353,"minecraft:sprint_one_cm":360,"minecraft:play_time":12054,"minecraft:time_since_death":12054,"minecraft:walk_one_cm":2569,"minecraft:sneak_time":852,"minecraft:total_world_time":12054,"minecraft:walk_under_water_one_cm":2756,"minecraft:drop":1,"minecraft:fly_one_cm":150246}},"DataVersion":3465}