{"stats":{"minecraft:custom":{"minecraft:time_since_rest":45244,"minecraft:crouch_one_cm":638,"minecraft:sprint_one_cm":7068,"minecraft:play_time":45244,"minecraft:walk_one_cm":19357,"minecraft:sneak_time":5315,"minecraft:walk_under_water_one_cm":31650,"minecraft:drop":1,"minecraft:jump":81,"minecraft:damage_dealt":20,"minecraft:leave_game":1,"minecraft:walk_on_water_one_cm":11999,"minecraft:time_since_death":45244,"minecraft:climb_one_cm":259,"minecraft:total_world_time":45244,"minecraft:fly_one_cm":958178},"minecraft:picked_up":{"minecraft:sugar_cane":4,"mobs_of_mythology:chupacabra_meat":1},"minecraft:used":{"naturalist:dragonfly_spawn_egg":2,"mobs_of_mythology:drake_spawn_egg":1,"sn0wfrogs_capybaras:capybara_spawn_egg":2,"mutantmonsters:spider_pig_spawn_egg":7,"mutantmonsters:mutant_creeper_spawn_egg":1,"naturalist:tortoise_spawn_egg":1,"naturalist:lizard_spawn_egg":5,"easy_npc:evoker_spawn_egg":2,"naturalist:alligator_spawn_egg":5,"mobs_of_mythology:sporeling_spawn_egg":5,"mutantmonsters:mutant_zombie_spawn_egg":4,"naturalist:duck_spawn_egg":1,"mobs_of_mythology:chupacabra_spawn_egg":3,"naturalist:bass_spawn_egg":2,"wildlife:porcupine":8,"naturalist:catfish_spawn_egg":2,"mutantmonsters:mutant_enderman_spawn_egg":1,"naturalist:hippo_spawn_egg":1,"mutantmonsters:creeper_minion_spawn_egg":1,"mobs_of_mythology:kobold_spawn_egg":3,"mutantmonsters:mutant_skeleton_spawn_egg":1,"wildlife:mantaray":3,"minecraft:splash_potion":6,"mobs_of_mythology:automaton_spawn_egg":3,"mobs_of_mythology:kobold_warrior_spawn_egg":3,"mutantmonsters:mutant_snow_golem_spawn_egg":24,"naturalist:giraffe_spawn_egg":2},"minecraft:dropped":{"minecraft:shield":1}},"DataVersion":3465}